text,label_id,label,split,dataset,label_unified,clean,pred_id,pred_label,correct
Need a ProLife R.E. Agent? - Support a ProLife Group (U-choose) at NoCost ProLifeRealEstate@Yahoo.com #SemST,0,against,test,tweeteval-stance,AGAINST,Need a ProLife R.E. Agent? - Support a ProLife Group (U-choose) at NoCost ProLifeRealEstate@USER.com #SemST,0,against,True
Where is the childcare program @user which you said would be in place? #loneparents #7istooyoung #SemST,0,against,test,tweeteval-stance,AGAINST,Where is the childcare program @USER which you said would be in place? #loneparents #7istooyoung #SemST,2,none,False
I get several requests with petitions to save whales but never to stop the slaughter of babies in the wombs of mothers. #abortion. #SemST,0,against,test,tweeteval-stance,AGAINST,I get several requests with petitions to save whales but never to stop the slaughter of babies in the wombs of mothers. #abortion. #SemST,0,against,True
"we must always see others as Christ sees us,we must see God in all things&remeber 2 look past sin #RomanCatholic #SemST",0,against,test,tweeteval-stance,AGAINST,"we must always see others as Christ sees us,we must see God in all things&remeber 2 look past sin #RomanCatholic #SemST",2,none,False
PRAYERS FOR BABIES Urgent prayer one in Lexington KY&two in Dallas TX&in Chattanooga TN  Life begins at conception  #SemST,0,against,test,tweeteval-stance,AGAINST,PRAYERS FOR BABIES Urgent prayer one in Lexington KY&two in Dallas TX&in Chattanooga TN  Life begins at conception  #SemST,0,against,True
I do not want to bring a child into this dangerous patriarchy. But I want to feel pregnancy as an experience #PregnancyForAll #SemST,0,against,test,tweeteval-stance,AGAINST,I do not want to bring a child into this dangerous patriarchy. But I want to feel pregnancy as an experience #PregnancyForAll #SemST,0,against,True
I have a right to identify as pregnant and have an abortion. Having an abortion confirms my power of choice. #PregnancyForAll #SemST,0,against,test,tweeteval-stance,AGAINST,I have a right to identify as pregnant and have an abortion. Having an abortion confirms my power of choice. #PregnancyForAll #SemST,1,favor,False
"In so many ways to Christians right here in America we already ARE the ""Great Satan"" #GayMarriage #Drugs #WakeUpAmerica #SemST",0,against,test,tweeteval-stance,AGAINST,"In so many ways to Christians right here in America we already ARE the ""Great Satan"" #GayMarriage #Drugs #WakeUpAmerica #SemST",2,none,False
Pray for the Navy yard. God please keep the casualties minimal.   #1A #2A #NRA #COS #CCOT #TGDN #PJNET  #WAKEUPAMERICA #SemST,0,against,test,tweeteval-stance,AGAINST,Pray for the Navy yard. God please keep the casualties minimal.   #1A #2A #NRA #COS #CCOT #TGDN #PJNET  #WAKEUPAMERICA #SemST,2,none,False
I #DenounceHarper because his religious ties are responsible for the #MarchForLife anti-choice rallies on Parliament Hill. #SemST,0,against,test,tweeteval-stance,AGAINST,I #DenounceHarper because his religious ties are responsible for the #MarchForLife anti-choice rallies on Parliament Hill. #SemST,0,against,True
The government has given no explanation of why the law was changed #macedonia #HRCtte #SemST,0,against,test,tweeteval-stance,AGAINST,The government has given no explanation of why the law was changed #macedonia #HRCtte #SemST,2,none,False
The government has not been able to point to any improved health outcomes for women #law #macedonia #HRCtte #SemST,0,against,test,tweeteval-stance,AGAINST,The government has not been able to point to any improved health outcomes for women #law #macedonia #HRCtte #SemST,1,favor,False
#ICCPR report does not cite any reasons for the changes in the legislation regulating. #macedonia #law # #SemST,0,against,test,tweeteval-stance,AGAINST,#ICCPR report does not cite any reasons for the changes in the legislation regulating. #macedonia #law # #SemST,2,none,False
Those who deny women who've been raped abortion are the same ppl who tell rape victims they asked for it. #rape #SemST,0,against,test,tweeteval-stance,AGAINST,Those who deny women who've been raped abortion are the same ppl who tell rape victims they asked for it. #rape #SemST,1,favor,False
@user Giving birth is not pushing women toward death. #SemST,0,against,test,tweeteval-stance,AGAINST,@USER Giving birth is not pushing women toward death. #SemST,1,favor,False
I am about to deck these 2 bitches in the fucking mouth.  #1A #2A #NRA #COS #CCOT #TGDN #PJNET  #WAKEUPAMERICA #SemST,0,against,test,tweeteval-stance,AGAINST,I am about to deck these 2 bitches in the fucking mouth.  #1A #2A #NRA #COS #CCOT #TGDN #PJNET  #WAKEUPAMERICA #SemST,2,none,False
If u come 2 this country 4 bettwr life fucking adapt 2 USA WAYS #1A #2A #NRA #COS #CCOT #TGDN #PJNET  #WAKEUPAMERICA #SemST,0,against,test,tweeteval-stance,AGAINST,If u come 2 this country 4 bettwr life fucking adapt 2 USA WAYS #1A #2A #NRA #COS #CCOT #TGDN #PJNET  #WAKEUPAMERICA #SemST,0,against,True
It's undeniable that conception may also be the birth of a soul unto life itself. Why mess with that? #SemST,0,against,test,tweeteval-stance,AGAINST,It's undeniable that conception may also be the birth of a soul unto life itself. Why mess with that? #SemST,0,against,True
"Why would I want to make choices about my own body, when a congressman could do it for me?  #ConversationsWithAlex #SemST",0,against,test,tweeteval-stance,AGAINST,"Why would I want to make choices about my own body, when a congressman could do it for me?  #ConversationsWithAlex #SemST",1,favor,False
Does the Gay Community support Abortion? #ProLifeYouth #LGBTPrideMonth #SemST,0,against,test,tweeteval-stance,AGAINST,Does the Gay Community support Abortion? #ProLifeYouth #LGBTPrideMonth #SemST,0,against,True
It's sad to see so many people getting their values from Hollywood rather than the Holy Scriptures.  #ProLifeYouth #SemST,0,against,test,tweeteval-stance,AGAINST,It's sad to see so many people getting their values from Hollywood rather than the Holy Scriptures.  #ProLifeYouth #SemST,0,against,True
"The idea that a ""fetus"" isn't human is outrageous, I mean what else would it be? A dog? A dragon? The unborn are HUMAN BEINGS! #SemST",0,against,test,tweeteval-stance,AGAINST,"The idea that a ""fetus"" isn't human is outrageous, I mean what else would it be? A dog? A dragon? The unborn are HUMAN BEINGS! #SemST",0,against,True
@user You can say that again! #AbortionIsMurder #AllLivesMatter #ProLifeYouth #SemST,0,against,test,tweeteval-stance,AGAINST,@USER You can say that again! #AbortionIsMurder #AllLivesMatter #ProLifeYouth #SemST,0,against,True
@user @user @user @user @user who is for it. I'm not. But am for a women's right to her own body. #SemST,1,favor,test,tweeteval-stance,FAVOR,@USER @USER @USER @USER @USER who is for it. I'm not. But am for a women's right to her own body. #SemST,1,favor,True
it's not that i don't want to be at work. it's that i rather be asleep. #SemST,2,none,test,tweeteval-stance,NONE,it's not that i don't want to be at work. it's that i rather be asleep. #SemST,2,none,True
Anti choice laws are sexist because they only effect women*.   #SemST,1,favor,test,tweeteval-stance,FAVOR,Anti choice laws are sexist because they only effect women*.   #SemST,1,favor,True
So anti-choice laws are telling these women they're incapable and shouldn't make decisions that involve their own body.   #SemST,1,favor,test,tweeteval-stance,FAVOR,So anti-choice laws are telling these women they're incapable and shouldn't make decisions that involve their own body.   #SemST,1,favor,True
Like how can you sit there and even go through with the process #SemST,2,none,test,tweeteval-stance,NONE,Like how can you sit there and even go through with the process #SemST,2,none,True
"Fair IS fair if U believe an unborn child has no right to life, then UR saying I can decide if you do?? #SemST",0,against,test,tweeteval-stance,AGAINST,"Fair IS fair if U believe an unborn child has no right to life, then UR saying I can decide if you do?? #SemST",0,against,True
@user Postinor is popularly  used for?  #MrChocho_BabyOKoko #SemST,2,none,test,tweeteval-stance,NONE,@USER Postinor is popularly  used for?  #MrChocho_BabyOKoko #SemST,0,against,False
#FF #Patriot --> PigsWalkUpright.  Thanks 4 following back!! #Truth #Liberty #Justice #ProIsrael #2A #RiseUpAmerica #ProudAmerican #SemST,2,none,test,tweeteval-stance,NONE,#FF #Patriot --> PigsWalkUpright.  Thanks 4 following back!! #Truth #Liberty #Justice #ProIsrael #2A #RiseUpAmerica #ProudAmerican #SemST,2,none,True
"How many location-efficient, #affordablehousing units could the NYC metro (pop. 23M) create if it built over all of its cemeteries? #SemST",2,none,test,tweeteval-stance,NONE,"How many location-efficient, #affordablehousing units could the NYC metro (pop. 23M) create if it built over all of its cemeteries? #SemST",2,none,True
"@user while you are at it, eliminate all drugs, cars, planes, food, electricity, and anything else that MAY cause a death. #SemST",2,none,test,tweeteval-stance,NONE,"@USER while you are at it, eliminate all drugs, cars, planes, food, electricity, and anything else that MAY cause a death. #SemST",0,against,False
"Not all women want to have or bear children, and that is okay  #SemST",1,favor,test,tweeteval-stance,FAVOR,"Not all women want to have or bear children, and that is okay  #SemST",1,favor,True
"Meanwhile, @user wants to waste your money to kill innocent children in the womb. #dangerous #hypocrite #noChoice #SemST",0,against,test,tweeteval-stance,AGAINST,"Meanwhile, @USER wants to waste your money to kill innocent children in the womb. #dangerous #hypocrite #noChoice #SemST",0,against,True
"If we are pronounced dead when our heart stops, why are we not pronounced alive when our heart starts? #SemST",0,against,test,tweeteval-stance,AGAINST,"If we are pronounced dead when our heart stops, why are we not pronounced alive when our heart starts? #SemST",0,against,True
89% of abortions occur at the 12th week or before #letstalkabortion #SemST,2,none,test,tweeteval-stance,NONE,89% of abortions occur at the 12th week or before #letstalkabortion #SemST,0,against,False
1.2% of abortions happen at 21 weeks+  (these are only exceptions) #letstalkabortion #SemST,2,none,test,tweeteval-stance,NONE,1.2% of abortions happen at 21 weeks+  (these are only exceptions) #letstalkabortion #SemST,0,against,False
#NothingMoreAmericanThan unjustified homicide of the unborn in #SemST,0,against,test,tweeteval-stance,AGAINST,#NothingMoreAmericanThan unjustified homicide of the unborn in #SemST,0,against,True
Generate belief in quality existence for everyone especially children in that community.Kittington2016 #SemST,0,against,test,tweeteval-stance,AGAINST,Generate belief in quality existence for everyone especially children in that community.Kittington2016 #SemST,0,against,True
"When Declaration of Independence was adopted, abortion was illegal in all 13 colonies. #txlege #SemST",0,against,test,tweeteval-stance,AGAINST,"When Declaration of Independence was adopted, abortion was illegal in all 13 colonies. #txlege #SemST",0,against,True
I'm really pissed off by vaccines mandates. It's not ok to force parents to inject their kids when there might be consequences. #SemST,2,none,test,tweeteval-stance,NONE,I'm really pissed off by vaccines mandates. It's not ok to force parents to inject their kids when there might be consequences. #SemST,0,against,False
Please vote against the anti-choice amendment to the Scotland Bill on Monday @user - Thanks! #abortionrights #SemST,0,against,test,tweeteval-stance,AGAINST,Please vote against the anti-choice amendment to the Scotland Bill on Monday @USER - Thanks! #abortionrights #SemST,1,favor,False
@user But of course today one doesn't have to be responsible You can kill your child instead! #SemST,0,against,test,tweeteval-stance,AGAINST,@USER But of course today one doesn't have to be responsible You can kill your child instead! #SemST,0,against,True
Those who wonder what they would have done had they lived at the time of some terrible injustice now know the answer -P. Hitchens #SemST,0,against,test,tweeteval-stance,AGAINST,Those who wonder what they would have done had they lived at the time of some terrible injustice now know the answer -P. Hitchens #SemST,2,none,False
"Damn, interesting news when you find out you were almost a product of abortion #SemST",0,against,test,tweeteval-stance,AGAINST,"Damn, interesting news when you find out you were almost a product of abortion #SemST",0,against,True
Reading law cases on abortion rulings from the past 100 years is exhausting! #research #workhard #work #publichealth #SemST,0,against,test,tweeteval-stance,AGAINST,Reading law cases on abortion rulings from the past 100 years is exhausting! #research #workhard #work #publichealth #SemST,1,favor,False
Every1 needs 2 c @user & @user movie #TheRallyLA. It's life transforming. #drugs #forgive #SWBC2015 #Salvation #SemST,0,against,test,tweeteval-stance,AGAINST,Every1 needs 2 c @USER & @USER movie #TheRallyLA. It's life transforming. #drugs #forgive #SWBC2015 #Salvation #SemST,2,none,False
@user @user the irony of Margaret Sanger wanting to rid the world of blacks. #SemST,0,against,test,tweeteval-stance,AGAINST,@USER @USER the irony of Margaret Sanger wanting to rid the world of blacks. #SemST,2,none,False
"#rally4life Motherhood is for some much-wanted,for others it is not.It should be by choice, not by force. Respect women's choices #SemST",0,against,test,tweeteval-stance,AGAINST,"#rally4life Motherhood is for some much-wanted,for others it is not.It should be by choice, not by force. Respect women's choices #SemST",0,against,True
I hope you all either enjoy the rugby or enjoy not enjoying the rugby #SemST,0,against,test,tweeteval-stance,AGAINST,I hope you all either enjoy the rugby or enjoy not enjoying the rugby #SemST,2,none,False
En route to Parnell Square for the rally for life!!  #everylifematters #SemST,0,against,test,tweeteval-stance,AGAINST,En route to Parnell Square for the rally for life!!  #everylifematters #SemST,0,against,True
@user No one has 5he right to tell any person what they should do with their body #SemST,0,against,test,tweeteval-stance,AGAINST,@USER No one has 5he right to tell any person what they should do with their body #SemST,1,favor,False
@user @user people like you are exactly what is wrong with our society. #ProCONTRACEPTION #unapologetic  #SemST,0,against,test,tweeteval-stance,AGAINST,@USER @USER people like you are exactly what is wrong with our society. #ProCONTRACEPTION #unapologetic  #SemST,2,none,False
A bundle of cells feels more pain than a fully grown women? no. #SemST,0,against,test,tweeteval-stance,AGAINST,A bundle of cells feels more pain than a fully grown women? no. #SemST,0,against,True
pro-choicers are basically tryna fight oppression with more  oppression . #feminist #SemST,0,against,test,tweeteval-stance,AGAINST,pro-choicers are basically tryna fight oppression with more  oppression . #feminist #SemST,1,favor,False
#rally4life more like rally for people who think they have the right to authorise other people's decisions #SemST,0,against,test,tweeteval-stance,AGAINST,#rally4life more like rally for people who think they have the right to authorise other people's decisions #SemST,1,favor,False
"As a man, the only body I should have a say in is my own. #repealthe8th #rally4life #SemST",0,against,test,tweeteval-stance,AGAINST,"As a man, the only body I should have a say in is my own. #repealthe8th #rally4life #SemST",1,favor,False
Wish I could be at the #rallyforlife counter protest. Women are people. Fetuses are clumps of cells. End of story. #ireland #SemST,0,against,test,tweeteval-stance,AGAINST,Wish I could be at the #rallyforlife counter protest. Women are people. Fetuses are clumps of cells. End of story. #ireland #SemST,0,against,True
"#rally4life because if they don't want an abortion, then no one can have the choice  #SemST",0,against,test,tweeteval-stance,AGAINST,"#rally4life because if they don't want an abortion, then no one can have the choice  #SemST",1,favor,False
"@user And don't forget, now ""Private clubs"" and organizations. AKA ~> #GirlScouts & #SemST",0,against,test,tweeteval-stance,AGAINST,"@USER And don't forget, now ""Private clubs"" and organizations. AKA ~> #GirlScouts & #SemST",2,none,False
"So you're at the #rally4life? Tell me more about how #antichoice laws kill 47,000 women A YEAR! Very ""#prolife"" uh? #REpealThe8th #SemST",0,against,test,tweeteval-stance,AGAINST,"So you're at the #rally4life? Tell me more about how #antichoice laws kill 47,000 women A YEAR! Very ""#prolife"" uh? #REpealThe8th #SemST",0,against,True
Solidarity with all at the counter #rally4life - Ireland won't be equal until women have full control of our bodies #repealthe8th #SemST,0,against,test,tweeteval-stance,AGAINST,Solidarity with all at the counter #rally4life - Ireland won't be equal until women have full control of our bodies #repealthe8th #SemST,1,favor,False
This #rally4life shit! How people support it I'll never understand. #SemST,0,against,test,tweeteval-stance,AGAINST,This #rally4life shit! How people support it I'll never understand. #SemST,2,none,False
"Dear to who it may concern;""YOU stand up for my right to live.   #Baby #murder #RightToLife #unborn #womensrights #legal #SemST",0,against,test,tweeteval-stance,AGAINST,"Dear to who it may concern;""YOU stand up for my right to live.   #Baby #murder #RightToLife #unborn #womensrights #legal #SemST",0,against,True
"AmandaKayHowell: Dear to who it may concern;""YOU stand up for my right to live.   #Baby #murder #RightToLife #unborn #wo... #SemST",0,against,test,tweeteval-stance,AGAINST,"AmandaKayHowell: Dear to who it may concern;""YOU stand up for my right to live.   #Baby #murder #RightToLife #unborn #wo... #SemST",0,against,True
"@user Sexual Assault is Epidemic.. Not just in Military, Colleges, Universities. Fight 2 Stop this Crime=Less Need 4 #SemST",0,against,test,tweeteval-stance,AGAINST,"@USER Sexual Assault is Epidemic.. Not just in Military, Colleges, Universities. Fight 2 Stop this Crime=Less Need 4 #SemST",0,against,True
The #rally4life  shows yet again what little support these people have.  #repealthe8th #SemST,0,against,test,tweeteval-stance,AGAINST,The #rally4life  shows yet again what little support these people have.  #repealthe8th #SemST,2,none,False
CPCs in this town of 5000: 2. #goddamn #SemST,0,against,test,tweeteval-stance,AGAINST,CPCs in this town of 5000: 2. #goddamn #SemST,2,none,False
A prochoice advocate but circumcise ur baby? Fucking hypocrite! #circumcision #humanrights #SemST,0,against,test,tweeteval-stance,AGAINST,A prochoice advocate but circumcise ur baby? Fucking hypocrite! #circumcision #humanrights #SemST,0,against,True
"I think a woman should have the choice of what to do with HER BODY.. But, what do I know? Im only a woman sure #SemST",0,against,test,tweeteval-stance,AGAINST,"I think a woman should have the choice of what to do with HER BODY.. But, what do I know? Im only a woman sure #SemST",1,favor,False
There is nothing sadder than pro-life young women. I can't help but pity the fools. #repealthe8th #SemST,0,against,test,tweeteval-stance,AGAINST,There is nothing sadder than pro-life young women. I can't help but pity the fools. #repealthe8th #SemST,0,against,True
@user @user u dont know using #NaturalFamilyPlanning will not have the same effect as birth spacing? #SemST,0,against,test,tweeteval-stance,AGAINST,@USER @USER u dont know using #NaturalFamilyPlanning will not have the same effect as birth spacing? #SemST,1,favor,False
@user @user  ur not aware that using #NaturalFamilyPlanning will have d same effect as birth spacing? #SemST,0,against,test,tweeteval-stance,AGAINST,@USER @USER  ur not aware that using #NaturalFamilyPlanning will have d same effect as birth spacing? #SemST,1,favor,False
"@user @user Remember that there is no ""murder"" involed in #abortion. I am #ProContraception for LESS #abortion. #SemST",0,against,test,tweeteval-stance,AGAINST,"@USER @USER Remember that there is no ""murder"" involed in #abortion. I am #ProContraception for LESS #abortion. #SemST",0,against,True
"@user @user thank you again to show that you are AGAINST CONTRACEPTION. ""#Prolife"" = a code word for #misogyny. #SemST",0,against,test,tweeteval-stance,AGAINST,"@USER @USER thank you again to show that you are AGAINST CONTRACEPTION. ""#Prolife"" = a code word for #misogyny. #SemST",0,against,True
.@BuhayIpaglaban perhaps you want to go to the fertility clinics & rescue them all. How many can you fit in your womb. #clowncar #SemST,0,against,test,tweeteval-stance,AGAINST,.@USER perhaps you want to go to the fertility clinics & rescue them all. How many can you fit in your womb. #clowncar #SemST,0,against,True
"@user @user @user ""Natural"" family planning isn't ""planning"" at all since it just doesn't work. #SemST",0,against,test,tweeteval-stance,AGAINST,"@USER @USER @USER ""Natural"" family planning isn't ""planning"" at all since it just doesn't work. #SemST",1,favor,False
"@user @user There is no ""#abortion"" involved in taking the pill honey. #womenshealth #abortifacient #fail #SemST",0,against,test,tweeteval-stance,AGAINST,"@USER @USER There is no ""#abortion"" involved in taking the pill honey. #womenshealth #abortifacient #fail #SemST",1,favor,False
"@user @user The culture of death is ""#prolife"" who deny pregnant people healthcare. #SemST",0,against,test,tweeteval-stance,AGAINST,"@USER @USER The culture of death is ""#prolife"" who deny pregnant people healthcare. #SemST",0,against,True
@user Bullshit multiplied by bullshit is still bullshit. #SemST,0,against,test,tweeteval-stance,AGAINST,@USER Bullshit multiplied by bullshit is still bullshit. #SemST,2,none,False
Happy July 4th- freedom day! Let liberty ring out! #freedom #Faith #Jesus #REVIVAL #Life #tcot #SemST,0,against,test,tweeteval-stance,AGAINST,Happy July 4th- freedom day! Let liberty ring out! #freedom #Faith #Jesus #REVIVAL #Life #tcot #SemST,2,none,False
@user  What are they doing with acid signs oh yeah their all tripping #lsd  #SemST,0,against,test,tweeteval-stance,AGAINST,@USER  What are they doing with acid signs oh yeah their all tripping #lsd  #SemST,2,none,False
"@user @user @user It's never been about ""life"" has it? ""#Prolife"" are OK with women dying. #SemST",0,against,test,tweeteval-stance,AGAINST,"@USER @USER @USER It's never been about ""life"" has it? ""#Prolife"" are OK with women dying. #SemST",0,against,True
@user @user @user @user I'm totally cool with this image. Was the fetus unviable? Health at risk? #SemST,0,against,test,tweeteval-stance,AGAINST,@USER @USER @USER @USER I'm totally cool with this image. Was the fetus unviable? Health at risk? #SemST,0,against,True
@user @user @user Who defends murder here? I haven't heard anyone defending the killing of human beings. #SemST,0,against,test,tweeteval-stance,AGAINST,@USER @USER @USER Who defends murder here? I haven't heard anyone defending the killing of human beings. #SemST,0,against,True
I just unfollowed someone because they tweeted about being pro-life #SemST,0,against,test,tweeteval-stance,AGAINST,I just unfollowed someone because they tweeted about being pro-life #SemST,0,against,True
"RT @user ""Why does the government not hold a referendum on abortion?"" asks UN CESCR Mbr Pillay #UNIRL #SemST",0,against,test,tweeteval-stance,AGAINST,"RT @USER ""Why does the government not hold a referendum on abortion?"" asks UN CESCR Mbr Pillay #UNIRL #SemST",0,against,True
"Leftist, Progressives love 2lie & claim they believe in God, but if they do they would never support #gaymarriage #Obamacare #SemST",0,against,test,tweeteval-stance,AGAINST,"Leftist, Progressives love 2lie & claim they believe in God, but if they do they would never support #gaymarriage #Obamacare #SemST",2,none,False
I'll celebrate #IndependenceDay when EVERYONE in this country is equally free & not living in fear & poverty! #EqualityForAll #p2 #SemST,0,against,test,tweeteval-stance,AGAINST,I'll celebrate #IndependenceDay when EVERYONE in this country is equally free & not living in fear & poverty! #EqualityForAll #p2 #SemST,2,none,False
@user @user The unborn also have rights #defendthe8th #SemST,0,against,test,tweeteval-stance,AGAINST,@USER @USER The unborn also have rights #defendthe8th #SemST,0,against,True
"@user @user The most fundamental right of them all, the right to life, is also a right of the unborn. #SemST",0,against,test,tweeteval-stance,AGAINST,"@USER @USER The most fundamental right of them all, the right to life, is also a right of the unborn. #SemST",0,against,True
Every year I see #rally4life ads & think 'that sounds great!' Stop tricking me into thinking you want sth positive! #repealthe8th #SemST,0,against,test,tweeteval-stance,AGAINST,Every year I see #rally4life ads & think 'that sounds great!' Stop tricking me into thinking you want sth positive! #repealthe8th #SemST,2,none,False
"#DefentThe8th? Why would I defend something that kills people? Remember #Savita, killed by Irish ""#prolife"" laws? #RepealThe8th #SemST",0,against,test,tweeteval-stance,AGAINST,"#DefentThe8th? Why would I defend something that kills people? Remember #Savita, killed by Irish ""#prolife"" laws? #RepealThe8th #SemST",0,against,True
Of course an embryo is a person! If it were a puppy there'd be no desire to abort it. #SemST,0,against,test,tweeteval-stance,AGAINST,Of course an embryo is a person! If it were a puppy there'd be no desire to abort it. #SemST,0,against,True
If it's not a person then why do women get invitro? To have a gold fish? #SemST,0,against,test,tweeteval-stance,AGAINST,If it's not a person then why do women get invitro? To have a gold fish? #SemST,1,favor,False
There should be no law or funding which justifies the murder of innocent life.   #CCOT #pjnet #SemST,0,against,test,tweeteval-stance,AGAINST,There should be no law or funding which justifies the murder of innocent life.   #CCOT #pjnet #SemST,0,against,True
"In 1776 we killed the conservatives, freed ourselves from that crap #rightwing #Christian #ChurchState #Tyranny. #Uniteblue #tcot #SemST",0,against,test,tweeteval-stance,AGAINST,"In 1776 we killed the conservatives, freed ourselves from that crap #rightwing #Christian #ChurchState #Tyranny. #Uniteblue #tcot #SemST",2,none,False
"Compromising on #sin gets easier as time goes on. Oh yeah, it didn't just start! #sexual-impurity #WakeUpAmerica #SemST",0,against,test,tweeteval-stance,AGAINST,"Compromising on #sin gets easier as time goes on. Oh yeah, it didn't just start! #sexual-impurity #WakeUpAmerica #SemST",1,favor,False
AntiChoice laws say women can't make their own decisions  #SemST,0,against,test,tweeteval-stance,AGAINST,AntiChoice laws say women can't make their own decisions  #SemST,1,favor,False
There's no place for selfishness when you talk about a human life. Everyone matters! #quotes #truelovewaits #parenting #humanrights #SemST,0,against,test,tweeteval-stance,AGAINST,There's no place for selfishness when you talk about a human life. Everyone matters! #quotes #truelovewaits #parenting #humanrights #SemST,0,against,True
@user can't wait to see you on @user #JizIsMyName #ElectronicaDrugDealer #Jiz  #SemST,0,against,test,tweeteval-stance,AGAINST,@USER can't wait to see you on @USER #JizIsMyName #ElectronicaDrugDealer #Jiz  #SemST,2,none,False
@user @user where is #SilencedDiscourse for @user #Divisions on #SchoolChoice #Taxes #DoubleStandard #Biased #SemST,0,against,test,tweeteval-stance,AGAINST,@USER @USER where is #SilencedDiscourse for @USER #Divisions on #SchoolChoice #Taxes #DoubleStandard #Biased #SemST,2,none,False
@user @user where is #SilencedDiscourse for @user questions on #Divisions #SchoolChoice #Taxes #DoubleStandard #Biased #SemST,0,against,test,tweeteval-stance,AGAINST,@USER @USER where is #SilencedDiscourse for @USER questions on #Divisions #SchoolChoice #Taxes #DoubleStandard #Biased #SemST,2,none,False
The most horrific violence in America is the war on babies. #SemST,0,against,test,tweeteval-stance,AGAINST,The most horrific violence in America is the war on babies. #SemST,0,against,True
"If the Pope gave a flying fuck about the poor on his home continent, he'd let them have abortion and birth control. #SemST",0,against,test,tweeteval-stance,AGAINST,"If the Pope gave a flying fuck about the poor on his home continent, he'd let them have abortion and birth control. #SemST",0,against,True
A much needed 3 days with these guys @user @user missed @user but what a weekend #SemST,0,against,test,tweeteval-stance,AGAINST,A much needed 3 days with these guys @USER @USER missed @USER but what a weekend #SemST,2,none,False
if truth is a micro aggression 2 the left Why is name calling by the left not a mega hypocrisy? #UniteBlue #LibCrib #maddow #SemST,0,against,test,tweeteval-stance,AGAINST,if truth is a micro aggression 2 the left Why is name calling by the left not a mega hypocrisy? #UniteBlue #LibCrib #maddow #SemST,2,none,False
If #Freewill is good enough for your #god it should be good enough for you. #SemST,0,against,test,tweeteval-stance,AGAINST,If #Freewill is good enough for your #god it should be good enough for you. #SemST,0,against,True
"Hi @user while you are campaigning, 3000 innocent lives were killed by your pals #rednationrising #uniteblue #SemST",0,against,test,tweeteval-stance,AGAINST,"Hi @USER while you are campaigning, 3000 innocent lives were killed by your pals #rednationrising #uniteblue #SemST",2,none,False
Why are Tumblr feminists so territorial? Pro-lifers can't even voice their opinions without being attacked. #ProLifeProblems #SemST,0,against,test,tweeteval-stance,AGAINST,Why are Tumblr feminists so territorial? Pro-lifers can't even voice their opinions without being attacked. #ProLifeProblems #SemST,0,against,True
The sanctity of human life is not a woman's issue. #antifeminism #SemST,0,against,test,tweeteval-stance,AGAINST,The sanctity of human life is not a woman's issue. #antifeminism #SemST,0,against,True
@user @user I know! I'm the only perfect :-) candidate. #ProCivilLiberties #ProBusiness #ProWorker #ProPeace #SemST,0,against,test,tweeteval-stance,AGAINST,@USER @USER I know! I'm the only perfect :-) candidate. #ProCivilLiberties #ProBusiness #ProWorker #ProPeace #SemST,2,none,False
Next time just keep the baby   #SemST,0,against,test,tweeteval-stance,AGAINST,Next time just keep the baby   #SemST,0,against,True
People don't care about things that don't effect men which is the same reason it's sexist we don't cover birth control  #SemST,0,against,test,tweeteval-stance,AGAINST,People don't care about things that don't effect men which is the same reason it's sexist we don't cover birth control  #SemST,1,favor,False
"The point is BODILY AUTONOMY. A born child can rely on other people, and can LIVE by itself   #SemST",0,against,test,tweeteval-stance,AGAINST,"The point is BODILY AUTONOMY. A born child can rely on other people, and can LIVE by itself   #SemST",0,against,True
@user The justification of abortion is rooted in selfishness & fear & they come from lack of faith & self centeredness #SemST,0,against,test,tweeteval-stance,AGAINST,@USER The justification of abortion is rooted in selfishness & fear & they come from lack of faith & self centeredness #SemST,0,against,True
Abortionists and their supporters are the REAL misogynists! #Catholic #Christian #progressive #liberal #SemST,0,against,test,tweeteval-stance,AGAINST,Abortionists and their supporters are the REAL misogynists! #Catholic #Christian #progressive #liberal #SemST,0,against,True
"Some babies die by chance, none should die by choice! #SemST",0,against,test,tweeteval-stance,AGAINST,"Some babies die by chance, none should die by choice! #SemST",0,against,True
@user @user  Margret Sangers Looking a little rough!!!! #SemST,2,none,test,tweeteval-stance,NONE,@USER @USER  Margret Sangers Looking a little rough!!!! #SemST,2,none,True
I would never expect an 11 year old girl to have to carry a pregnancy to term #SemST,1,favor,test,tweeteval-stance,FAVOR,I would never expect an 11 year old girl to have to carry a pregnancy to term #SemST,1,favor,True
Monk's Hobbit is back in Twitter. #Catholics #SemST,2,none,test,tweeteval-stance,NONE,Monk's Hobbit is back in Twitter. #Catholics #SemST,2,none,True
"@user @user @user Kohn is also anti-human rights, anti-social justice, anti-peace, pro-violence.  #SemST",2,none,test,tweeteval-stance,NONE,"@USER @USER @USER Kohn is also anti-human rights, anti-social justice, anti-peace, pro-violence.  #SemST",1,favor,False
I wonder if #antichoice ever wonder if the pregnant #teen they denied accurate #SexED to could have been the one to cure cancer. #SemST,1,favor,test,tweeteval-stance,FAVOR,I wonder if #antichoice ever wonder if the pregnant #teen they denied accurate #SexED to could have been the one to cure cancer. #SemST,0,against,False
Today is a great because we are alive. #SemST,2,none,test,tweeteval-stance,NONE,Today is a great because we are alive. #SemST,0,against,False
@user It isn't going to happen. The LW and the RW have too many differences. #ForeignPolicy #HealthCareLegislation #Economics #SemST,2,none,test,tweeteval-stance,NONE,@USER It isn't going to happen. The LW and the RW have too many differences. #ForeignPolicy #HealthCareLegislation #Economics #SemST,2,none,True
@user repent wen u commit a grave act like murder of a baby did u #abort ur baby?yes? then YOU repent! #hell s 4 eternity #SemST,0,against,test,tweeteval-stance,AGAINST,@USER repent wen u commit a grave act like murder of a baby did u #abort ur baby?yes? then YOU repent! #hell s 4 eternity #SemST,0,against,True
Helping achieve repro. justice 1 step @ a time. #abfunds #love #compassion #abortionrights #nnaf #SemST,1,favor,test,tweeteval-stance,FAVOR,Helping achieve repro. justice 1 step @ a time. #abfunds #love #compassion #abortionrights #nnaf #SemST,0,against,False
"@user Right, where are the pre-born women's rights? #allLivesMatter #equalRights #SemST",0,against,test,tweeteval-stance,AGAINST,"@USER Right, where are the pre-born women's rights? #allLivesMatter #equalRights #SemST",0,against,True
I will fight for the unborn! #SemST,0,against,test,tweeteval-stance,AGAINST,I will fight for the unborn! #SemST,0,against,True
@user And an even worse place from which to make medical decisions FOR OTHER PEOPLE #mybodymychoice #notyours #notgovt #SemST,1,favor,test,tweeteval-stance,FAVOR,@USER And an even worse place from which to make medical decisions FOR OTHER PEOPLE #mybodymychoice #notyours #notgovt #SemST,1,favor,True
"#Fiona Bruce wants a government that forces women to have children, and then refuses to financially help them. #bodyautonomy #SemST",1,favor,test,tweeteval-stance,FAVOR,"#Fiona Bruce wants a government that forces women to have children, and then refuses to financially help them. #bodyautonomy #SemST",1,favor,True
@user sad this is what has to be done for women in need #SemST,2,none,test,tweeteval-stance,NONE,@USER sad this is what has to be done for women in need #SemST,2,none,True
Liberals say I need more tolerance. I say screw tolerating murder.                                #AbortionKills #ToleranceIsDeath #SemST,0,against,test,tweeteval-stance,AGAINST,Liberals say I need more tolerance. I say screw tolerating murder.                                #AbortionKills #ToleranceIsDeath #SemST,0,against,True
Just been having rather horrible discussion with @user - reminder that we have a long way to go. #HumanRights #healthcare #SemST,2,none,test,tweeteval-stance,NONE,Just been having rather horrible discussion with @USER - reminder that we have a long way to go. #HumanRights #healthcare #SemST,2,none,True
@user @user @user both r #human. 1e u abuse with misinformation (#women) n d other u kill by #baby #SemST,0,against,test,tweeteval-stance,AGAINST,@USER @USER @USER both r #human. 1e u abuse with misinformation (#women) n d other u kill by #baby #SemST,0,against,True
@user @user @user Like I said I'm glad this medical procedure is around so that pregnant people stay healthy. #SemST,2,none,test,tweeteval-stance,NONE,@USER @USER @USER Like I said I'm glad this medical procedure is around so that pregnant people stay healthy. #SemST,1,favor,False
"@user @user Every time I ""discuss"" with ""#prolife"" it reaffirms my belief that #antichoice are complete idiots. #SemST",1,favor,test,tweeteval-stance,FAVOR,"@USER @USER Every time I ""discuss"" with ""#prolife"" it reaffirms my belief that #antichoice are complete idiots. #SemST",0,against,False
Yes. Antis just don't make sense.  #WarOnWomen #SemST,2,none,test,tweeteval-stance,NONE,Yes. Antis just don't make sense.  #WarOnWomen #SemST,2,none,True
Women ARE capable of making decisions #SemST,1,favor,test,tweeteval-stance,FAVOR,Women ARE capable of making decisions #SemST,1,favor,True
@user @user d real question is. do u even research d side effects of abortion and contraceptives? #KnowYourFacts #SemST,0,against,test,tweeteval-stance,AGAINST,@USER @USER d real question is. do u even research d side effects of abortion and contraceptives? #KnowYourFacts #SemST,1,favor,False
"@user @user @user @user @user Yes, an occasional hypocrite. I support #MarriageEquaility & abhor #SemST",2,none,test,tweeteval-stance,NONE,"@USER @USER @USER @USER @USER Yes, an occasional hypocrite. I support #MarriageEquaility & abhor #SemST",2,none,True
Oh you dont like that Im Pro-choice.  Pftt. Dont try to force me to be pro-life. Fuck off   #sorrynotsorry #SemST,1,favor,test,tweeteval-stance,FAVOR,Oh you dont like that Im Pro-choice.  Pftt. Dont try to force me to be pro-life. Fuck off   #sorrynotsorry #SemST,1,favor,True
Watch out for censorship in your news and media! #politicalrevolution #immigration #RedNationRising #Constitution #CorruptMedia #SemST,2,none,test,tweeteval-stance,NONE,Watch out for censorship in your news and media! #politicalrevolution #immigration #RedNationRising #Constitution #CorruptMedia #SemST,2,none,True
"Not sure where I stand on God and religion.  Still, don't need to be a Christian or religious to be against abortion.  #evil #SemST",0,against,test,tweeteval-stance,AGAINST,"Not sure where I stand on God and religion.  Still, don't need to be a Christian or religious to be against abortion.  #evil #SemST",0,against,True
"#antichoice NEVER try to police men over sex, but punishing women puts  them into a frenzy. #SemST",1,favor,test,tweeteval-stance,FAVOR,"#antichoice NEVER try to police men over sex, but punishing women puts  them into a frenzy. #SemST",1,favor,True
To run outside? To run inside? #SemST,2,none,test,tweeteval-stance,NONE,To run outside? To run inside? #SemST,2,none,True
Anti choice laws only effect women.  People don't care about things that don't effect men #SemST,1,favor,test,tweeteval-stance,FAVOR,Anti choice laws only effect women.  People don't care about things that don't effect men #SemST,1,favor,True
People with a uterus can be pro choice. People who have been pregnant can be pro choice. People who lost a child can be prochoice #SemST,1,favor,test,tweeteval-stance,FAVOR,People with a uterus can be pro choice. People who have been pregnant can be pro choice. People who lost a child can be prochoice #SemST,1,favor,True
"You can't give the ""death penalty"" to something not living sentient or autonomous #WarOnWomen #roe42 #reprohealth #SemST",1,favor,test,tweeteval-stance,FAVOR,"You can't give the ""death penalty"" to something not living sentient or autonomous #WarOnWomen #roe42 #reprohealth #SemST",1,favor,True
@user @user @user @user not ashamed to say it's me. I'm not in favor of enc itself as not banning enc modules. #SemST,2,none,test,tweeteval-stance,NONE,@USER @USER @USER @USER not ashamed to say it's me. I'm not in favor of enc itself as not banning enc modules. #SemST,2,none,True
"@user if they made it illegal, people would use coat hangers, and your photos would really be messed up. #letdoctorsdoit #SemST",1,favor,test,tweeteval-stance,FAVOR,"@USER if they made it illegal, people would use coat hangers, and your photos would really be messed up. #letdoctorsdoit #SemST",1,favor,True
Abortion is genocide - I don't think you know what genocide means.  #ygk #SemST,0,against,test,tweeteval-stance,AGAINST,Abortion is genocide - I don't think you know what genocide means.  #ygk #SemST,0,against,True
"Yea, let's make a woman suffer 18 years and raise a child with an unfit parent who hates it because of ""morality"". #SemST",1,favor,test,tweeteval-stance,FAVOR,"Yea, let's make a woman suffer 18 years and raise a child with an unfit parent who hates it because of ""morality"". #SemST",0,against,False
Pro-life laws only effect women so anti choicers are fine with these laws because the laws are only hurting are females  #SemST,1,favor,test,tweeteval-stance,FAVOR,Pro-life laws only effect women so anti choicers are fine with these laws because the laws are only hurting are females  #SemST,1,favor,True
Anti-choice laws are entirely men controlling women  #SemST,1,favor,test,tweeteval-stance,FAVOR,Anti-choice laws are entirely men controlling women  #SemST,1,favor,True
"A fetus is not living, breathing, born, sentient, or autonomous which is why the pregnant woman's choice matters more #SemST",1,favor,test,tweeteval-stance,FAVOR,"A fetus is not living, breathing, born, sentient, or autonomous which is why the pregnant woman's choice matters more #SemST",1,favor,True
What about in cases of rape #SemST,1,favor,test,tweeteval-stance,FAVOR,What about in cases of rape #SemST,1,favor,True
Only one can have bodily autonomy #SemST,1,favor,test,tweeteval-stance,FAVOR,Only one can have bodily autonomy #SemST,0,against,False
Antis don't care because the only people the laws are hurting are females and they don't care about things that don't effect men #SemST,1,favor,test,tweeteval-stance,FAVOR,Antis don't care because the only people the laws are hurting are females and they don't care about things that don't effect men #SemST,1,favor,True
"Like 96% of antis don't care about breathing viable persons, and 100% care about embryos more #SemST",1,favor,test,tweeteval-stance,FAVOR,"Like 96% of antis don't care about breathing viable persons, and 100% care about embryos more #SemST",0,against,False
Anti choice laws are sexist because they ignore the fact that men abandon their pregnant partners & those men face no punishment  #SemST,1,favor,test,tweeteval-stance,FAVOR,Anti choice laws are sexist because they ignore the fact that men abandon their pregnant partners & those men face no punishment  #SemST,1,favor,True
This is the same reason it's sexist that we don't cover women's birth control. Any issue that primarily effects women is ignored #SemST,1,favor,test,tweeteval-stance,FAVOR,This is the same reason it's sexist that we don't cover women's birth control. Any issue that primarily effects women is ignored #SemST,1,favor,True
"Woman's Heartbreaking Letter to Father of Baby She Aborted: ""I'm So Very Sorry - LifeNews. Please pray for the men hurt by abortion #SemST",0,against,test,tweeteval-stance,AGAINST,"Woman's Heartbreaking Letter to Father of Baby She Aborted: ""I'm So Very Sorry - LifeNews. Please pray for the men hurt by abortion #SemST",0,against,True
"@user @user ""Freedom of Expression? Does that mean that I can display pornography in public if I am against it? #SemST",2,none,test,tweeteval-stance,NONE,"@USER @USER ""Freedom of Expression? Does that mean that I can display pornography in public if I am against it? #SemST",1,favor,False
"We declare that all people have worth and value even if the whole world calls them ""unwanted""! #SemST",0,against,test,tweeteval-stance,AGAINST,"We declare that all people have worth and value even if the whole world calls them ""unwanted""! #SemST",0,against,True
"I'm kind of scared for the elderly in our country. In a few years, we'll be aborting them too. #americathesocialist #SemST",0,against,test,tweeteval-stance,AGAINST,"I'm kind of scared for the elderly in our country. In a few years, we'll be aborting them too. #americathesocialist #SemST",0,against,True
FYI: Whoopi Goldberg is a feminist hero for her six abortions. #WomenAgainstFeminism #SemST,0,against,test,tweeteval-stance,AGAINST,FYI: Whoopi Goldberg is a feminist hero for her six abortions. #WomenAgainstFeminism #SemST,0,against,True
Obama Administration sends 5.6 million dollars to #SemST,2,none,test,tweeteval-stance,NONE,Obama Administration sends 5.6 million dollars to #SemST,2,none,True
Where's the most dangerous place for a child? In the hands of an ISIS terrorist? Almost. Inside their mother's womb #MiddleAmerica #SemST,0,against,test,tweeteval-stance,AGAINST,Where's the most dangerous place for a child? In the hands of an ISIS terrorist? Almost. Inside their mother's womb #MiddleAmerica #SemST,0,against,True
@user YOU CAN'T HANDLE THE TRUTH! People will always do it no matter the laws. #letdoctorsdoit #SemST,1,favor,test,tweeteval-stance,FAVOR,@USER YOU CAN'T HANDLE THE TRUTH! People will always do it no matter the laws. #letdoctorsdoit #SemST,1,favor,True
@user @user sorry Hilary but I'm #southern and don't bleed that #rainbow #BleedRed #america #southwillriseagain #SemST,0,against,test,tweeteval-stance,AGAINST,@USER @USER sorry Hilary but I'm #southern and don't bleed that #rainbow #BleedRed #america #southwillriseagain #SemST,2,none,False
"Why do people think it's ok to get an abortion...  What the fuck is wrong with you? What if your mom aborted you, you sick fuck! #SemST",0,against,test,tweeteval-stance,AGAINST,"Why do people think it's ok to get an abortion...  What the fuck is wrong with you? What if your mom aborted you, you sick fuck! #SemST",0,against,True
@user Get out of my city. #ygk #SemST,2,none,test,tweeteval-stance,NONE,@USER Get out of my city. #ygk #SemST,2,none,True
".@JessieLosch There is no such thing as a ""safe & alive"" abortion because every abortion that goes as intended leaves >= 1 dead #SemST",0,against,test,tweeteval-stance,AGAINST,".@USER There is no such thing as a ""safe & alive"" abortion because every abortion that goes as intended leaves >= 1 dead #SemST",0,against,True
@user You sponsored the religious freedom bill. What is this bill that allows killing full term babies in NY? #tcot #SemST,0,against,test,tweeteval-stance,AGAINST,@USER You sponsored the religious freedom bill. What is this bill that allows killing full term babies in NY? #tcot #SemST,0,against,True
@user lol.  I don't know about that.  #schoolprayer #GovtEndorsementOfHeterosexualMarriage #SemST,2,none,test,tweeteval-stance,NONE,@USER lol.  I don't know about that.  #schoolprayer #GovtEndorsementOfHeterosexualMarriage #SemST,2,none,True
@user @user They  are BOTH alive & human from conception Just earlier phase of life's continuum! @user #SemST,0,against,test,tweeteval-stance,AGAINST,@USER @USER They  are BOTH alive & human from conception Just earlier phase of life's continuum! @USER #SemST,0,against,True
"Not your uterus, not your choice--from conception on, it really is THAT simple! #fem2gen #YesAllWomen #SemST",1,favor,test,tweeteval-stance,FAVOR,"Not your uterus, not your choice--from conception on, it really is THAT simple! #fem2gen #YesAllWomen #SemST",0,against,False
"C7German: Heaven is our Goal,  life is our conquest  #socialmedia #technology #catholic #SemST",0,against,test,tweeteval-stance,AGAINST,"C7German: Heaven is our Goal,  life is our conquest  #socialmedia #technology #catholic #SemST",0,against,True
@user #SB128 isn't opposed merely b/c it's against God's will (as if we're neanderthals). It's murder. Like #SemST,0,against,test,tweeteval-stance,AGAINST,@USER #SB128 isn't opposed merely b/c it's against God's will (as if we're neanderthals). It's murder. Like #SemST,0,against,True
Pro-Choice=Pro-Life. Anti-Choice=Anti-Life. Don't play righteous when you're advocating the endangerment of women. #womensrights #SemST,1,favor,test,tweeteval-stance,FAVOR,Pro-Choice=Pro-Life. Anti-Choice=Anti-Life. Don't play righteous when you're advocating the endangerment of women. #womensrights #SemST,1,favor,True
It is not Pro-Life if you ignore life of the pregnant woman; that includes physical/mental health.IsProLife #SemST,1,favor,test,tweeteval-stance,FAVOR,It is not Pro-Life if you ignore life of the pregnant woman; that includes physical/mental health.IsProLife #SemST,0,against,False
@user @user @user Are you a triceratops or tricerabottom? #arethosehornsyourewearing #SemST,2,none,test,tweeteval-stance,NONE,@USER @USER @USER Are you a triceratops or tricerabottom? #arethosehornsyourewearing #SemST,2,none,True
@user 12. something you hate.  People who don't believe abortion should be kept safe and sterile. #SemST,1,favor,test,tweeteval-stance,FAVOR,@USER 12. something you hate.  People who don't believe abortion should be kept safe and sterile. #SemST,1,favor,True
Would you rather have women taking dangerous concoctions to induce abortions or know they are getting a safe & legal one? #SemST,1,favor,test,tweeteval-stance,FAVOR,Would you rather have women taking dangerous concoctions to induce abortions or know they are getting a safe & legal one? #SemST,1,favor,True
"@user @user @user Actually, child-murder is far worse these days. We live in more savage times. #SemST",0,against,test,tweeteval-stance,AGAINST,"@USER @USER @USER Actually, child-murder is far worse these days. We live in more savage times. #SemST",0,against,True
.@JohnTory since when did Toronto become a weak city? Bullied by stone-age cab companies that block traffic illegally. #TO4Uber #SemST,2,none,test,tweeteval-stance,NONE,.@USER since when did Toronto become a weak city? Bullied by stone-age cab companies that block traffic illegally. #TO4Uber #SemST,2,none,True
I #DenounceHarper for refusing to include family planning in foreign aid even though spending $1 could save $6 #wherestheFP #SemST,1,favor,test,tweeteval-stance,FAVOR,I #DenounceHarper for refusing to include family planning in foreign aid even though spending $1 could save $6 #wherestheFP #SemST,0,against,False
Looking forward to the protest today. I can't be there long but I hope my signs will. #Kingston #protesters #SemST,0,against,test,tweeteval-stance,AGAINST,Looking forward to the protest today. I can't be there long but I hope my signs will. #Kingston #protesters #SemST,2,none,False
Our #TruthTour continues in #CarletonPlace as we show the graphic truth of abortion 2 traffic & pedestrians! #ShowTheTruth #onpoli #SemST,0,against,test,tweeteval-stance,AGAINST,Our #TruthTour continues in #CarletonPlace as we show the graphic truth of abortion 2 traffic & pedestrians! #ShowTheTruth #onpoli #SemST,0,against,True
It very simple .. Let women choose.. #repealthe8th #notacriminal #SemST,1,favor,test,tweeteval-stance,FAVOR,It very simple .. Let women choose.. #repealthe8th #notacriminal #SemST,1,favor,True
I cannot believe there are still people in this century who opposed to women having rights over their own bodies! #disgusted #SemST,1,favor,test,tweeteval-stance,FAVOR,I cannot believe there are still people in this century who opposed to women having rights over their own bodies! #disgusted #SemST,1,favor,True
Societies that put to death the weak and vulnerable are more violent. #Nazis #streetgangs #Communists #AssistedSuicide #SemST,0,against,test,tweeteval-stance,AGAINST,Societies that put to death the weak and vulnerable are more violent. #Nazis #streetgangs #Communists #AssistedSuicide #SemST,0,against,True
RT @user God is the author of life and nobody has the right to take it. #SemST,0,against,test,tweeteval-stance,AGAINST,RT @USER God is the author of life and nobody has the right to take it. #SemST,0,against,True
@user I thought they wanted less unwed mommas and less abortion. #confused #tcot #feminism #SemST,0,against,test,tweeteval-stance,AGAINST,@USER I thought they wanted less unwed mommas and less abortion. #confused #tcot #feminism #SemST,1,favor,False
"The teen pregnancy rate has declined 51 percent, and the teen birth rate is down 57 percent. #SemST",2,none,test,tweeteval-stance,NONE,"The teen pregnancy rate has declined 51 percent, and the teen birth rate is down 57 percent. #SemST",0,against,False
"We need more public funding for birth control, condoms and abortions, especially abortions. #budget2015 #Election2016 #SemST",1,favor,test,tweeteval-stance,FAVOR,"We need more public funding for birth control, condoms and abortions, especially abortions. #budget2015 #Election2016 #SemST",1,favor,True
I will visit PEI when all women can get a lawful medical abortion on the island. #Cdnpoli #peipoli #womensrights #SemST,1,favor,test,tweeteval-stance,FAVOR,I will visit PEI when all women can get a lawful medical abortion on the island. #Cdnpoli #peipoli #womensrights #SemST,1,favor,True
PRAISE REPORT Two babies savedOne in Dallas TX&in Charlotte NC  If we put forth effort with prayer- miracle's happen  #SemST,0,against,test,tweeteval-stance,AGAINST,PRAISE REPORT Two babies savedOne in Dallas TX&in Charlotte NC  If we put forth effort with prayer- miracle's happen  #SemST,0,against,True
@user NY pastors need to call their State Senators and stop this barbaric bill!istorture #SemST,0,against,test,tweeteval-stance,AGAINST,@USER NY pastors need to call their State Senators and stop this barbaric bill!istorture #SemST,0,against,True
I support @user because I want to see Planned Parenthood gone. #SemST,0,against,test,tweeteval-stance,AGAINST,I support @USER because I want to see Planned Parenthood gone. #SemST,0,against,True
@user if men were the ones that got preganant this would be a non issue in America #Bernie2016 #WomensRights #Solidarity #SemST,1,favor,test,tweeteval-stance,FAVOR,@USER if men were the ones that got preganant this would be a non issue in America #Bernie2016 #WomensRights #Solidarity #SemST,2,none,False
"DEAR PROABORTS: Using BAD grammar and FILTHY language and INTIMIDATION makes you look ignorant, inept and desperate. #GodWins #SemST",0,against,test,tweeteval-stance,AGAINST,"DEAR PROABORTS: Using BAD grammar and FILTHY language and INTIMIDATION makes you look ignorant, inept and desperate. #GodWins #SemST",2,none,False
Our #TruthTour cont' in the @user as we show the humanity of the unborn & inhumanity of abortion! #cdnpoli #Ottawa #onpoli #SemST,0,against,test,tweeteval-stance,AGAINST,Our #TruthTour cont' in the @USER as we show the humanity of the unborn & inhumanity of abortion! #cdnpoli #Ottawa #onpoli #SemST,0,against,True
Good thing I don't live in Kingston woulda started a riot by now with this 'pro-life' protest #SemST,1,favor,test,tweeteval-stance,FAVOR,Good thing I don't live in Kingston woulda started a riot by now with this 'pro-life' protest #SemST,0,against,False
So Ariana Grande hates America & Americans? She's not alone #SCOTUS #HILLARY #OBAMA #DEMOCRATS #ACLU #NAACP #HAMAS #ISIS #SemST,2,none,test,tweeteval-stance,NONE,So Ariana Grande hates America & Americans? She's not alone #SCOTUS #HILLARY #OBAMA #DEMOCRATS #ACLU #NAACP #HAMAS #ISIS #SemST,2,none,True
We must love our neighbor as being made in the image of God and as an object of His love. ~ Saint Vincent de Paul #SemST,0,against,test,tweeteval-stance,AGAINST,We must love our neighbor as being made in the image of God and as an object of His love. ~ Saint Vincent de Paul #SemST,0,against,True
@user What nonsense is this colleague of yours writing about?? #everylifematters #SemST,0,against,test,tweeteval-stance,AGAINST,@USER What nonsense is this colleague of yours writing about?? #everylifematters #SemST,0,against,True
@user & purely physical enjoyment with no responsibility attached #SemST,2,none,test,tweeteval-stance,NONE,@USER & purely physical enjoyment with no responsibility attached #SemST,0,against,False
@user  Surprised? A poll sponsored by biased @user was always going to give a pro-abortion result #repealthe8th #SemST,0,against,test,tweeteval-stance,AGAINST,@USER  Surprised? A poll sponsored by biased @USER was always going to give a pro-abortion result #repealthe8th #SemST,0,against,True
@user And accepting with love any children arising from Union of marriage or at least taking responsibility for life created #SemST,0,against,test,tweeteval-stance,AGAINST,@USER And accepting with love any children arising from Union of marriage or at least taking responsibility for life created #SemST,0,against,True
Living in a pub isnt all that good when your friends turn into alcoholics @user  #refresher #smurf #noonewillunderstand #SemST,2,none,test,tweeteval-stance,NONE,Living in a pub isnt all that good when your friends turn into alcoholics @USER  #refresher #smurf #noonewillunderstand #SemST,2,none,True
I can think of a thousand things more important than Keith Olbermann. #SanctuaryCities #IRSscandal #Benghazi #Bergdahl #USDebt #SemST,2,none,test,tweeteval-stance,NONE,I can think of a thousand things more important than Keith Olbermann. #SanctuaryCities #IRSscandal #Benghazi #Bergdahl #USDebt #SemST,2,none,True
@user Then make sure Udon't get pregnant. And don't KILL your child if you do! You are the mom RESPONSIBLE 4child's life! #SemST,0,against,test,tweeteval-stance,AGAINST,@USER Then make sure Udon't get pregnant. And don't KILL your child if you do! You are the mom RESPONSIBLE 4child's life! #SemST,1,favor,False
Women have outgrown the common housewife stigma long ago #SemST,2,none,test,tweeteval-stance,NONE,Women have outgrown the common housewife stigma long ago #SemST,2,none,True
@user : My views are my own. #AllLivesMatter #PrebornLivesMatter #AbortionIsViolence #Whyi'mNotVotingForHillary #SemST,0,against,test,tweeteval-stance,AGAINST,@USER : My views are my own. #AllLivesMatter #PrebornLivesMatter #AbortionIsViolence #Whyi'mNotVotingForHillary #SemST,0,against,True
Pro Choice? Just choose to kill yourself after your baby is born. #SemST,0,against,test,tweeteval-stance,AGAINST,Pro Choice? Just choose to kill yourself after your baby is born. #SemST,1,favor,False
@user Just saw your review of @user book at Amazon. I have to say I totally agree with you. A sick marketing ploy. #SemST,2,none,test,tweeteval-stance,NONE,@USER Just saw your review of @USER book at Amazon. I have to say I totally agree with you. A sick marketing ploy. #SemST,2,none,True
"Basically this documentary is ""You kill babies so we're going to kill you"" Lol the irony of pro-lifers. #aftertiller #SemST",1,favor,test,tweeteval-stance,FAVOR,"Basically this documentary is ""You kill babies so we're going to kill you"" Lol the irony of pro-lifers. #aftertiller #SemST",0,against,False
#populationcontrol = controlling the incoming generations. that's why there's #demographicwinter  #epicfail  #philippines #rhlaw. #SemST,0,against,test,tweeteval-stance,AGAINST,#populationcontrol = controlling the incoming generations. that's why there's #demographicwinter  #epicfail  #philippines #rhlaw. #SemST,0,against,True
@user just wanted to say that I appreciate the pro life stance. A lot of celebrities are afraid to show a bold stance #LFO #SemST,0,against,test,tweeteval-stance,AGAINST,@USER just wanted to say that I appreciate the pro life stance. A lot of celebrities are afraid to show a bold stance #LFO #SemST,0,against,True
'Snarck' - a snarky hack who puts down ordinary folk who dares question their pontifical commentaries  #SemST,2,none,test,tweeteval-stance,NONE,'Snarck' - a snarky hack who puts down ordinary folk who dares question their pontifical commentaries  #SemST,2,none,True
Dear America: If only a 3D ultrasound picture could evoke the same emotional response. #lifeisprecious #SemST,0,against,test,tweeteval-stance,AGAINST,Dear America: If only a 3D ultrasound picture could evoke the same emotional response. #lifeisprecious #SemST,0,against,True
There weren't any volunteers outside abortion clinic when she had her abortion bcs there aren't enough of us. Can you join us? 2/2 #SemST,0,against,test,tweeteval-stance,AGAINST,There weren't any volunteers outside abortion clinic when she had her abortion bcs there aren't enough of us. Can you join us? 2/2 #SemST,0,against,True
#HDR - top set up in the Warm up area @user ... Chilling and chatting with @user before the racing. #Topriders #SemST,2,none,test,tweeteval-stance,NONE,#HDR - top set up in the Warm up area @USER ... Chilling and chatting with @USER before the racing. #Topriders #SemST,2,none,True
"@user So you've blown right past the whole ""women stopped dying after RvW"" thing. #prolifelie #hashtagitall #SemST",0,against,test,tweeteval-stance,AGAINST,"@USER So you've blown right past the whole ""women stopped dying after RvW"" thing. #prolifelie #hashtagitall #SemST",0,against,True
@user 1999 Meet the Press admitted to being Very Pro-Choice even with late term & Partial Birth Abortions.  He's sick!  #SemST,0,against,test,tweeteval-stance,AGAINST,@USER 1999 Meet the Press admitted to being Very Pro-Choice even with late term & Partial Birth Abortions.  He's sick!  #SemST,0,against,True
For great is thy mercy toward me; & thou hast delivered my soul from an evil place. Amen #Christian #SemST,0,against,test,tweeteval-stance,AGAINST,For great is thy mercy toward me; & thou hast delivered my soul from an evil place. Amen #Christian #SemST,0,against,True
@user It is no less your child before or after birth. One continuum of life. #SemST,0,against,test,tweeteval-stance,AGAINST,@USER It is no less your child before or after birth. One continuum of life. #SemST,0,against,True
These dems' lack of compassion for unborn babies who receive prenatal diagnoses is appalling #theyfeelpain #SemST,0,against,test,tweeteval-stance,AGAINST,These dems' lack of compassion for unborn babies who receive prenatal diagnoses is appalling #theyfeelpain #SemST,0,against,True
PRAYERS FOR BABIES Three babies in urgent need of prayer and intervention in Dallas TX  And another in Montgomery AL  #SemST,0,against,test,tweeteval-stance,AGAINST,PRAYERS FOR BABIES Three babies in urgent need of prayer and intervention in Dallas TX  And another in Montgomery AL  #SemST,0,against,True
@user NO new human individual formed at conception! Full complement of human chromosomes unique individual DNA and alive. #SemST,0,against,test,tweeteval-stance,AGAINST,@USER NO new human individual formed at conception! Full complement of human chromosomes unique individual DNA and alive. #SemST,0,against,True
FYI: Unborn babies diagnosed with a disability in the womb can feel pain just as much as a baby without a diagnosis #theyfeelpain #SemST,0,against,test,tweeteval-stance,AGAINST,FYI: Unborn babies diagnosed with a disability in the womb can feel pain just as much as a baby without a diagnosis #theyfeelpain #SemST,0,against,True
",@CoraSherlock When is Ms C case you've been promising happening? When'll a court be asked adjudicate her claims? #repealthe8th #SemST",0,against,test,tweeteval-stance,AGAINST,",@USER When is Ms C case you've been promising happening? When'll a court be asked adjudicate her claims? #repealthe8th #SemST",2,none,False
asked a protester-u'll fund the moms?Yes-So #announced it in DT #hamont-yo ppl #NoAbortion=these ppl wth picz will pay 4yo' kids #SemST,0,against,test,tweeteval-stance,AGAINST,asked a protester-u'll fund the moms?Yes-So #announced it in DT #hamont-yo ppl #NoAbortion=these ppl wth picz will pay 4yo' kids #SemST,0,against,True
Congrats to my friends at @user and @user for their commitment in getting Pain-Capable Act passed. #wiright #theyfeelpain #SemST,0,against,test,tweeteval-stance,AGAINST,Congrats to my friends at @USER and @USER for their commitment in getting Pain-Capable Act passed. #wiright #theyfeelpain #SemST,2,none,False
"How can someone be calling for abortion in a speech and end it with ""God bless America""? #righttolife #SemST",0,against,test,tweeteval-stance,AGAINST,"How can someone be calling for abortion in a speech and end it with ""God bless America""? #righttolife #SemST",0,against,True
@user #gop as whole party has backwards ideas on #immigration #votingrights #womensright #civilrights. #healthcare #dapa #SemST,0,against,test,tweeteval-stance,AGAINST,@USER #gop as whole party has backwards ideas on #immigration #votingrights #womensright #civilrights. #healthcare #dapa #SemST,1,favor,False
"@user I don't know about you, but I didn't vote for the GOP to capitulate to the Dems. #AllLivesMatter #SemST",0,against,test,tweeteval-stance,AGAINST,"@USER I don't know about you, but I didn't vote for the GOP to capitulate to the Dems. #AllLivesMatter #SemST",2,none,False
Was at the planned parenthood protest in #fitchburg today with the image of Our Lady of America #catholic #SemST,0,against,test,tweeteval-stance,AGAINST,Was at the planned parenthood protest in #fitchburg today with the image of Our Lady of America #catholic #SemST,0,against,True
@user Don't get pregnant! Make sure you don't get pregnant if you'd just kill your child if you do! @user #SemST,0,against,test,tweeteval-stance,AGAINST,@USER Don't get pregnant! Make sure you don't get pregnant if you'd just kill your child if you do! @USER #SemST,0,against,True
I am Nazi Holocaust survivor and I say that Abortion is America's Holocaust! -Sibylle Heidrich von Campe #holocaust #SemST,0,against,test,tweeteval-stance,AGAINST,I am Nazi Holocaust survivor and I say that Abortion is America's Holocaust! -Sibylle Heidrich von Campe #holocaust #SemST,0,against,True
@user @user @user we do care about the hurt inflicted upon preborn children through #abortion. #TruthTour #Ottawa #SemST,0,against,test,tweeteval-stance,AGAINST,@USER @USER @USER we do care about the hurt inflicted upon preborn children through #abortion. #TruthTour #Ottawa #SemST,0,against,True
@user Evidence proves that morbidity & mortality rates of legal abortion r a lot higher dan carrying pregnancy 2 term #teens #SemST,0,against,test,tweeteval-stance,AGAINST,@USER Evidence proves that morbidity & mortality rates of legal abortion r a lot higher dan carrying pregnancy 2 term #teens #SemST,0,against,True
RT DavidHarris707: MathewsJeanne Thank you 4 your very #kind RT. God Bless You #Patriot. #babies matter #SemST,0,against,test,tweeteval-stance,AGAINST,RT DavidHarris707: MathewsJeanne Thank you 4 your very #kind RT. God Bless You #Patriot. #babies matter #SemST,0,against,True
MathewsJeanne Thank you 4 your very #kind RT. God Bless You #Patriot. #babies matter #SemST,0,against,test,tweeteval-stance,AGAINST,MathewsJeanne Thank you 4 your very #kind RT. God Bless You #Patriot. #babies matter #SemST,0,against,True
"Lord Jesus,Touch my life with your saving power, heal and restore me to      fullnessof life. #SemST",0,against,test,tweeteval-stance,AGAINST,"Lord Jesus,Touch my life with your saving power, heal and restore me to      fullnessof life. #SemST",0,against,True
"I'm against abortion, gay marriage, AND Donald Trump for President. #gaymarriage #DonaldTrump #SemST",0,against,test,tweeteval-stance,AGAINST,"I'm against abortion, gay marriage, AND Donald Trump for President. #gaymarriage #DonaldTrump #SemST",0,against,True
"Hail (Mary), full of grace! The Lord is with you. (Luke 1:28) #SemST",0,against,test,tweeteval-stance,AGAINST,"Hail (Mary), full of grace! The Lord is with you. (Luke 1:28) #SemST",2,none,False
you can't say you support women's rights but be against abortion #SemST,0,against,test,tweeteval-stance,AGAINST,you can't say you support women's rights but be against abortion #SemST,1,favor,False
"Natural family planning isn't ""planning"" at all since it just doesn't work. #SemST",0,against,test,tweeteval-stance,AGAINST,"Natural family planning isn't ""planning"" at all since it just doesn't work. #SemST",1,favor,False
"RT @user It's so easy to be Pro-Choice, especially when you're not the one getting your skull crushed. #SemST",0,against,test,tweeteval-stance,AGAINST,"RT @USER It's so easy to be Pro-Choice, especially when you're not the one getting your skull crushed. #SemST",0,against,True
#ChildrensCentre's in the #UK have stay & play sessions for very young / single parents  #childcare #parenting #SemST,0,against,test,tweeteval-stance,AGAINST,#ChildrensCentre's in the #UK have stay & play sessions for very young / single parents  #childcare #parenting #SemST,2,none,False
@user every one in Congress should attend an abortion procedure especially partial birth that they VOTE FOR #ccot #tcot #SemST,0,against,test,tweeteval-stance,AGAINST,@USER every one in Congress should attend an abortion procedure especially partial birth that they VOTE FOR #ccot #tcot #SemST,0,against,True
@user I don't *believe* life begins at conception--I *know* life begins at conception. #nrlc2015 #SemST,0,against,test,tweeteval-stance,AGAINST,@USER I don't *believe* life begins at conception--I *know* life begins at conception. #nrlc2015 #SemST,0,against,True
"Before I formed you in the womb I knew you, before you were born I set you apart - Jeremiah 1:5 #Godislove #youareloved #SemST",0,against,test,tweeteval-stance,AGAINST,"Before I formed you in the womb I knew you, before you were born I set you apart - Jeremiah 1:5 #Godislove #youareloved #SemST",0,against,True
So the #Democrats tore down their OWN #ConfederateFlag NOW if they get rid of THEIR #KKK #blackpanthers #alsharpton #hate #SemST,2,none,test,tweeteval-stance,NONE,So the #Democrats tore down their OWN #ConfederateFlag NOW if they get rid of THEIR #KKK #blackpanthers #alsharpton #hate #SemST,2,none,True
@user or these dumb anti-abortion #showthetruth assholes who sit on Canadian streets with inaccurate disturbing pics! #SemST,1,favor,test,tweeteval-stance,FAVOR,@USER or these dumb anti-abortion #showthetruth assholes who sit on Canadian streets with inaccurate disturbing pics! #SemST,0,against,False
"I was an accidental baby and as far as I know, my parents were happy to have me. #thanksmom #SemST",0,against,test,tweeteval-stance,AGAINST,"I was an accidental baby and as far as I know, my parents were happy to have me. #thanksmom #SemST",0,against,True
"Fallopians 3:16 ""Not your fuckin' pregnancy - not your fuckin' business!""  #SemST",1,favor,test,tweeteval-stance,FAVOR,"Fallopians 3:16 ""Not your fuckin' pregnancy - not your fuckin' business!""  #SemST",1,favor,True
Babies are humans to support the prolife movement #SemST,0,against,test,tweeteval-stance,AGAINST,Babies are humans to support the prolife movement #SemST,0,against,True
@user You're truly unwelcome here. Please leave.  #ygk #SemST,2,none,test,tweeteval-stance,NONE,@USER You're truly unwelcome here. Please leave.  #ygk #SemST,2,none,True
Being a Democrat is never having to say you're sorry... #Slavery #Segregation #KKK #SemST,2,none,test,tweeteval-stance,NONE,Being a Democrat is never having to say you're sorry... #Slavery #Segregation #KKK #SemST,2,none,True
@user @user well said. Men are playing political football with women's right to have control over our bodies. #fail #SemST,1,favor,test,tweeteval-stance,FAVOR,@USER @USER well said. Men are playing political football with women's right to have control over our bodies. #fail #SemST,1,favor,True
"@user Pregnant people have more than heartbeats. They have feelings, and the ability to make decisions about their health. #SemST",1,favor,test,tweeteval-stance,FAVOR,"@USER Pregnant people have more than heartbeats. They have feelings, and the ability to make decisions about their health. #SemST",1,favor,True
@user these poor souls won't be anything in the future @user encouraged women to murder babies. #BlackLivesMatter #SemST,0,against,test,tweeteval-stance,AGAINST,@USER these poor souls won't be anything in the future @USER encouraged women to murder babies. #BlackLivesMatter #SemST,0,against,True
"In Turkey at ze momento, just got internet and started reading @user 's tweets, literally just KILLING IT!!  #SemST",2,none,test,tweeteval-stance,NONE,"In Turkey at ze momento, just got internet and started reading @USER 's tweets, literally just KILLING IT!!  #SemST",2,none,True
@user abortions should never be illegal. It should be the pregnant person's choice. Especially if that person was rape #SemST,1,favor,test,tweeteval-stance,FAVOR,@USER abortions should never be illegal. It should be the pregnant person's choice. Especially if that person was rape #SemST,1,favor,True
@user protect them by informing #HIV s acquired by having sex even wen using #condoms HIGH #RISK of acquiring it #teens #SemST,2,none,test,tweeteval-stance,NONE,@USER protect them by informing #HIV s acquired by having sex even wen using #condoms HIGH #RISK of acquiring it #teens #SemST,1,favor,False
@user what do u call #teens hu got #pregnant even while ingesting contraceptives? success? Can a chaste girl get pregnant? #SemST,0,against,test,tweeteval-stance,AGAINST,@USER what do u call #teens hu got #pregnant even while ingesting contraceptives? success? Can a chaste girl get pregnant? #SemST,1,favor,False
@user I'm curious Mary are you a meat eater and an animal hide wearer? #SemST,2,none,test,tweeteval-stance,NONE,@USER I'm curious Mary are you a meat eater and an animal hide wearer? #SemST,2,none,True
@user I'm good like this. I've always been #SemST,2,none,test,tweeteval-stance,NONE,@USER I'm good like this. I've always been #SemST,2,none,True
The beauty of the morning seems ruined knowing abortion clinics open soon. Another day of 900+ lives lost to @user & friends.      #SemST,0,against,test,tweeteval-stance,AGAINST,The beauty of the morning seems ruined knowing abortion clinics open soon. Another day of 900+ lives lost to @USER & friends.      #SemST,0,against,True
"@user so, you support the choice of wether or not you'd like to kill someone? Would you kill a born baby? #SemST",0,against,test,tweeteval-stance,AGAINST,"@USER so, you support the choice of wether or not you'd like to kill someone? Would you kill a born baby? #SemST",0,against,True
@user @user I followed him before I watched human centipede 3.....i now hope never makes another film again #SemST,2,none,test,tweeteval-stance,NONE,@USER @USER I followed him before I watched human centipede 3.....i now hope never makes another film again #SemST,2,none,True
"For he who avenges blood remembers, he does not ignore the cry of the afflicted. ~ Ps 9:12 #comequicklyLordJesus #SemST",0,against,test,tweeteval-stance,AGAINST,"For he who avenges blood remembers, he does not ignore the cry of the afflicted. ~ Ps 9:12 #comequicklyLordJesus #SemST",0,against,True
Life is sacred on all levels. Abortion does not compute with my philosophy. Kate Mulgrew @user (Red on #OITNB ) #SemST,0,against,test,tweeteval-stance,AGAINST,Life is sacred on all levels. Abortion does not compute with my philosophy. Kate Mulgrew @USER (Red on #OITNB ) #SemST,0,against,True
"@user U refer to ""WE"" which =""YOU"" & a minority of idiots who support #suicide #murder  #death #iLLegalAliens #RavenSymone #SemST",0,against,test,tweeteval-stance,AGAINST,"@USER U refer to ""WE"" which =""YOU"" & a minority of idiots who support #suicide #murder  #death #iLLegalAliens #RavenSymone #SemST",0,against,True
Al Robertson's mom #DuckDynasty  chose life as an unwed 16 year old. #SemST,0,against,test,tweeteval-stance,AGAINST,Al Robertson's mom #DuckDynasty  chose life as an unwed 16 year old. #SemST,0,against,True
"Today, AB 775 passed out of Committee on Judiciary 3-7. We will let you know how to help! #SemST",2,none,validation,tweeteval-stance,NONE,"Today, AB 775 passed out of Committee on Judiciary 3-7. We will let you know how to help! #SemST",2,none,True
There's a gray area when it comes to abortion. We discuss the #legal & #ethical #dilemmas that #doctors & #patients face regarding #SemST,0,against,validation,tweeteval-stance,AGAINST,There's a gray area when it comes to abortion. We discuss the #legal & #ethical #dilemmas that #doctors & #patients face regarding #SemST,1,favor,False
"If you aren't responsible enough to take care of a baby, why are you having unprotected sex? #SemST",0,against,validation,tweeteval-stance,AGAINST,"If you aren't responsible enough to take care of a baby, why are you having unprotected sex? #SemST",1,favor,False
Follow #Patriot --> @user  Thanks for following back!!  #Truth #Liberty #Justice #ProIsrael #WakeUpAmerica #FreeAmirNow #SemST,2,none,validation,tweeteval-stance,NONE,Follow #Patriot --> @USER  Thanks for following back!!  #Truth #Liberty #Justice #ProIsrael #WakeUpAmerica #FreeAmirNow #SemST,2,none,True
One day I'm gonna set an abortion clinic on fire. Anyone wanna join? #SemST,0,against,validation,tweeteval-stance,AGAINST,One day I'm gonna set an abortion clinic on fire. Anyone wanna join? #SemST,0,against,True
Adding to the progress of this week the Supreme Court is also allowing Texas abortion clinics to stay open! #SCOTUS #SemST,1,favor,validation,tweeteval-stance,FAVOR,Adding to the progress of this week the Supreme Court is also allowing Texas abortion clinics to stay open! #SCOTUS #SemST,1,favor,True
@user Turning it into a racial thing kek #SemST,0,against,validation,tweeteval-stance,AGAINST,@USER Turning it into a racial thing kek #SemST,2,none,False
@user one step forward in the right direction #SemST,2,none,validation,tweeteval-stance,NONE,@USER one step forward in the right direction #SemST,2,none,True
UB Students for Life and @user are currently on North Campus by the Student Union speaking out against #SemST,0,against,validation,tweeteval-stance,AGAINST,UB Students for Life and @USER are currently on North Campus by the Student Union speaking out against #SemST,2,none,False
If my body is the only way you can live and I don't want that I have the right to dismiss you. I don't know why that's a problem #SemST,1,favor,validation,tweeteval-stance,FAVOR,If my body is the only way you can live and I don't want that I have the right to dismiss you. I don't know why that's a problem #SemST,1,favor,True
@user 1/3 of my generation is missing. And it can't be changed. But we can change the future.   #ProLifeYouth #SemST,0,against,validation,tweeteval-stance,AGAINST,@USER 1/3 of my generation is missing. And it can't be changed. But we can change the future.   #ProLifeYouth #SemST,0,against,True
"@user Dehumanizing? Why are you dehumanizing the pregnant person? They're more than walking incubators, and have rights! #SemST",1,favor,validation,tweeteval-stance,FAVOR,"@USER Dehumanizing? Why are you dehumanizing the pregnant person? They're more than walking incubators, and have rights! #SemST",1,favor,True
A #person's value is not determined by his #size. #prolifegen #prolifeyouth #SemST,0,against,validation,tweeteval-stance,AGAINST,A #person's value is not determined by his #size. #prolifegen #prolifeyouth #SemST,0,against,True
There Will Never Be Enough Of Us should be the slogan at #SemST,2,none,validation,tweeteval-stance,NONE,There Will Never Be Enough Of Us should be the slogan at #SemST,2,none,True
When is abortion a responsible choice? When a woman chooses it to be #SemST,1,favor,validation,tweeteval-stance,FAVOR,When is abortion a responsible choice? When a woman chooses it to be #SemST,1,favor,True
"Any asshat ""protesting"" against #SofiaVergara is a disgrace to the entire Women's Rights movement. Live and let live. #SemST",2,none,validation,tweeteval-stance,NONE,"Any asshat ""protesting"" against #SofiaVergara is a disgrace to the entire Women's Rights movement. Live and let live. #SemST",1,favor,False
I just want to sit in a corner and cry.  I wish I was a thicker-skinned feminist but this shit is personal! #MyBodyMyRights #SemST,1,favor,validation,tweeteval-stance,FAVOR,I just want to sit in a corner and cry.  I wish I was a thicker-skinned feminist but this shit is personal! #MyBodyMyRights #SemST,1,favor,True
"@user Yes, your reasoning is horrible. We were talking about abortion, not death. #SemST",1,favor,validation,tweeteval-stance,FAVOR,"@USER Yes, your reasoning is horrible. We were talking about abortion, not death. #SemST",1,favor,True
Mzwakhe mbuli says doctors & nurses are paid assassins.. they kill unborn babies & give it a fancy name #SemST,0,against,validation,tweeteval-stance,AGAINST,Mzwakhe mbuli says doctors & nurses are paid assassins.. they kill unborn babies & give it a fancy name #SemST,0,against,True
How ironic is it that im sitting in @user & swiping on @user right now? #SemST,2,none,validation,tweeteval-stance,NONE,How ironic is it that im sitting in @USER & swiping on @USER right now? #SemST,2,none,True
Whether someone wants to have children or not should be completely up to the person carrying that pregnancy...,1,favor,validation,tweeteval-stance,FAVOR,Whether someone wants to have children or not should be completely up to the person carrying that pregnancy...,1,favor,True
@user @user @user Ginsburg already supports the death penalty..she calls it #SemST,0,against,validation,tweeteval-stance,AGAINST,@USER @USER @USER Ginsburg already supports the death penalty..she calls it #SemST,0,against,True
"A person's a person, no matter how small. - Dr. Suess #WAAR #SemST",0,against,validation,tweeteval-stance,AGAINST,"A person's a person, no matter how small. - Dr. Suess #WAAR #SemST",0,against,True
"In the aim for equality we have forgotten the most innocent, the smallest, the most precious among us. The unborn. #catholic #SemST",0,against,validation,tweeteval-stance,AGAINST,"In the aim for equality we have forgotten the most innocent, the smallest, the most precious among us. The unborn. #catholic #SemST",0,against,True
"I was born 4 months premature... I'm perfectly fine, somehow killing babies is legal in this country.",0,against,validation,tweeteval-stance,AGAINST,"I was born 4 months premature... I'm perfectly fine, somehow killing babies is legal in this country.",0,against,True
"@user Unjustified homicide should ALWAYS be illegal, including #ProlifeYouth #SemST",0,against,validation,tweeteval-stance,AGAINST,"@USER Unjustified homicide should ALWAYS be illegal, including #ProlifeYouth #SemST",0,against,True
"You have a #God given right to #live. And of all places, inside your #mother. -Phil Robertsonyouthgen #SemST",0,against,validation,tweeteval-stance,AGAINST,"You have a #God given right to #live. And of all places, inside your #mother. -Phil Robertsonyouthgen #SemST",0,against,True
Thank you for another day of life Lord. #Christian #Catholic #TeamJesus #SemST,0,against,validation,tweeteval-stance,AGAINST,Thank you for another day of life Lord. #Christian #Catholic #TeamJesus #SemST,0,against,True
"Any asshat ""protesting"" against @user is a disgrace to the entire Women's rights movement. Live and let live. #SemST",2,none,validation,tweeteval-stance,NONE,"Any asshat ""protesting"" against @USER is a disgrace to the entire Women's rights movement. Live and let live. #SemST",1,favor,False
Thanks @user  Kudos to @user for caring about the safety of unborn children #auspol #SemST,0,against,validation,tweeteval-stance,AGAINST,Thanks @USER  Kudos to @USER for caring about the safety of unborn children #auspol #SemST,0,against,True
@user And the unborn ARE human lives completely human & alive from conception. Abortion KILLS #SemST,0,against,validation,tweeteval-stance,AGAINST,@USER And the unborn ARE human lives completely human & alive from conception. Abortion KILLS #SemST,0,against,True
"Roberts, Scalia, Alito, Thomas.  Hereinafter, "" R-SCAT "". #SCOTUS #Equality #SemST",2,none,validation,tweeteval-stance,NONE,"Roberts, Scalia, Alito, Thomas.  Hereinafter, "" R-SCAT "". #SCOTUS #Equality #SemST",0,against,False
Good Friday morning #patriots. Make it ur best one ever. #Smile all day long. #LNYHBT #RescuePets #SOT #SOV #NeverGiveUp #SemST,2,none,validation,tweeteval-stance,NONE,Good Friday morning #patriots. Make it ur best one ever. #Smile all day long. #LNYHBT #RescuePets #SOT #SOV #NeverGiveUp #SemST,2,none,True
"@user @user Once they're born, that is. #SemST",2,none,validation,tweeteval-stance,NONE,"@USER @USER Once they're born, that is. #SemST",0,against,False
Can we get a law for the little ones who can't even speak for themselves? #ProLifeYouth #EVERYLIFEMATTERS #gay #straight #baby #SemST,0,against,validation,tweeteval-stance,AGAINST,Can we get a law for the little ones who can't even speak for themselves? #ProLifeYouth #EVERYLIFEMATTERS #gay #straight #baby #SemST,0,against,True
They say God isn't listening? Just look at that radar today. #prayfornepal,2,none,validation,tweeteval-stance,NONE,They say God isn't listening? Just look at that radar today. #prayfornepal,2,none,True
"As good a time as any to say: when too many men are adjudicating on women's reproductive systems, the results are never good #Rape #SemST",1,favor,validation,tweeteval-stance,FAVOR,"As good a time as any to say: when too many men are adjudicating on women's reproductive systems, the results are never good #Rape #SemST",1,favor,True
There's an undeniable inverse correlation between women's right to choose and crime rates #womensrights #SemST,1,favor,validation,tweeteval-stance,FAVOR,There's an undeniable inverse correlation between women's right to choose and crime rates #womensrights #SemST,1,favor,True
@user @user My wife had an abortion when she was young She regrets it to this day #SemST,0,against,validation,tweeteval-stance,AGAINST,@USER @USER My wife had an abortion when she was young She regrets it to this day #SemST,0,against,True
"If you're all about equality, then the unborn babies get an equal chance at life too....#EqualityForTheUnborn #SemST",0,against,validation,tweeteval-stance,AGAINST,"If you're all about equality, then the unborn babies get an equal chance at life too....#EqualityForTheUnborn #SemST",0,against,True
Everyone who disagrees has always had the right to mind their own damn business!!!! #LoveWins #SemST,2,none,validation,tweeteval-stance,NONE,Everyone who disagrees has always had the right to mind their own damn business!!!! #LoveWins #SemST,2,none,True
@user I know. God won't be mocked tho. So I blv we shd expect judgment~as if thr wr not already enuf rzn 2 judge America. #SemST,2,none,validation,tweeteval-stance,NONE,@USER I know. God won't be mocked tho. So I blv we shd expect judgment~as if thr wr not already enuf rzn 2 judge America. #SemST,0,against,False
"I get the whole ""Kill your darlings"" advice, but I feel like an abortionist with all these unfinished stories. #Writing  #Literary #SemST",0,against,validation,tweeteval-stance,AGAINST,"I get the whole ""Kill your darlings"" advice, but I feel like an abortionist with all these unfinished stories. #Writing  #Literary #SemST",0,against,True
If being a mother's womb isn't safe I guess neither are churches; specifically black ones #WhoIsBurningBlackChurches #SemST,0,against,validation,tweeteval-stance,AGAINST,If being a mother's womb isn't safe I guess neither are churches; specifically black ones #WhoIsBurningBlackChurches #SemST,0,against,True
"Plenty of stem cells without baby smashing, by the way. #SemST",0,against,validation,tweeteval-stance,AGAINST,"Plenty of stem cells without baby smashing, by the way. #SemST",0,against,True
Why don't black lives matter in the womb? #SemST,0,against,validation,tweeteval-stance,AGAINST,Why don't black lives matter in the womb? #SemST,0,against,True
"Hey, #BristolPalin, when Alaska asked you to promote ""wide open spaces,"" pretty sure they were talking about the state. #SemST",2,none,validation,tweeteval-stance,NONE,"Hey, #BristolPalin, when Alaska asked you to promote ""wide open spaces,"" pretty sure they were talking about the state. #SemST",2,none,True
"The same people that demand gov stay out of their vaginas, demand that gov legitimize their same sex bedrooms! Curious.  #LoveWins #SemST",0,against,validation,tweeteval-stance,AGAINST,"The same people that demand gov stay out of their vaginas, demand that gov legitimize their same sex bedrooms! Curious.  #LoveWins #SemST",1,favor,False
Love Wins? No it didn't. Love won't truly win until there is an end to abortion. Unborn babies deserve love too. #SemST,0,against,validation,tweeteval-stance,AGAINST,Love Wins? No it didn't. Love won't truly win until there is an end to abortion. Unborn babies deserve love too. #SemST,0,against,True
"If 'tis not human beings in the womb, how do we harvest and transplant their organs onto human beings? #SemST",0,against,validation,tweeteval-stance,AGAINST,"If 'tis not human beings in the womb, how do we harvest and transplant their organs onto human beings? #SemST",0,against,True
#PeoplesDebate Better every child born out of marriage + every mothers get #loneparents allowance than there be a single #VinB #SemST,0,against,validation,tweeteval-stance,AGAINST,#PeoplesDebate Better every child born out of marriage + every mothers get #loneparents allowance than there be a single #VinB #SemST,0,against,True
@user  yes he has an opinion but the choice should be in the hands of the women You know the person directly affected? #SemST,1,favor,validation,tweeteval-stance,FAVOR,@USER  yes he has an opinion but the choice should be in the hands of the women You know the person directly affected? #SemST,1,favor,True
Before I formed you in the #womb I knew you. #prolifegen #prolifeyouth #God #SemST,0,against,validation,tweeteval-stance,AGAINST,Before I formed you in the #womb I knew you. #prolifegen #prolifeyouth #God #SemST,0,against,True
@user ...about the millions of aborted children? Lets fix this too #LoveWins #SemST,0,against,validation,tweeteval-stance,AGAINST,@USER ...about the millions of aborted children? Lets fix this too #LoveWins #SemST,0,against,True
@user What could have happened in her past to make her the cruel & frighteningly hard-hearted woman she is? #waronwomen #SemST,2,none,validation,tweeteval-stance,NONE,@USER What could have happened in her past to make her the cruel & frighteningly hard-hearted woman she is? #waronwomen #SemST,0,against,False
"@user the premeditated taking of an innocent human life is 1st degree murder, and you know it. #SemST",0,against,validation,tweeteval-stance,AGAINST,"@USER the premeditated taking of an innocent human life is 1st degree murder, and you know it. #SemST",0,against,True
"Every time you respond to something that frustrates you, you let it steal away your time and happiness. #EasyWeightLoss #SemST",2,none,validation,tweeteval-stance,NONE,"Every time you respond to something that frustrates you, you let it steal away your time and happiness. #EasyWeightLoss #SemST",2,none,True
Obamcare loses again in the Supreme Court. Religious freedom win. #scotus #tcot #SemST,2,none,validation,tweeteval-stance,NONE,Obamcare loses again in the Supreme Court. Religious freedom win. #scotus #tcot #SemST,0,against,False
It hurts my  2 C ppl more offended over a flag/symbol than deaths/abortions of millions of innocent children! #flag #Mississippi #SemST,0,against,validation,tweeteval-stance,AGAINST,It hurts my  2 C ppl more offended over a flag/symbol than deaths/abortions of millions of innocent children! #flag #Mississippi #SemST,0,against,True
The HHS contraceptive mandate has been challenged in #SCOUTS 6 times and has lost 6 times.      #contraception #SemST,0,against,validation,tweeteval-stance,AGAINST,The HHS contraceptive mandate has been challenged in #SCOUTS 6 times and has lost 6 times.      #contraception #SemST,0,against,True
Still waiting for Libs to explain how the premeditated murder of a premature baby is reproductive healthcare. #ccot #SemST,0,against,validation,tweeteval-stance,AGAINST,Still waiting for Libs to explain how the premeditated murder of a premature baby is reproductive healthcare. #ccot #SemST,0,against,True
It's time to be a #voice for the #voiceless. Stand up for the #unborn! #AllLivesMatter #ProLifeYouth #chooselife #SemST,0,against,validation,tweeteval-stance,AGAINST,It's time to be a #voice for the #voiceless. Stand up for the #unborn! #AllLivesMatter #ProLifeYouth #chooselife #SemST,0,against,True
BRAVO TO BOTH OF YOU BEAUTIFULLY EXPLAINED HOLD UP #humantrafficking bill @user @user #womensrights #righttochoose #SemST,1,favor,validation,tweeteval-stance,FAVOR,BRAVO TO BOTH OF YOU BEAUTIFULLY EXPLAINED HOLD UP #humantrafficking bill @USER @USER #womensrights #righttochoose #SemST,1,favor,True
@user - I guess this means you're happy for me to be pro-life as I never aborted any of my own children? #hypocrisy #SemST,0,against,validation,tweeteval-stance,AGAINST,@USER - I guess this means you're happy for me to be pro-life as I never aborted any of my own children? #hypocrisy #SemST,0,against,True
"My body, my life. You fuck it up in a way I'm not prepared for and I will kill you. #SemST",1,favor,validation,tweeteval-stance,FAVOR,"My body, my life. You fuck it up in a way I'm not prepared for and I will kill you. #SemST",1,favor,True
Thank you @user for treating me with kindness & respect & TLC during my wellness exam. #womenshealth #yaycondoms #SemST,2,none,validation,tweeteval-stance,NONE,Thank you @USER for treating me with kindness & respect & TLC during my wellness exam. #womenshealth #yaycondoms #SemST,2,none,True
